10:45:07,Focused
10:45:07,Focused
10:45:07,Focused
10:45:07,Focused
10:45:07,Focused
10:45:07,Focused
10:45:07,Focused
10:45:07,Focused
10:45:07,Focused
10:45:07,Focused
10:45:07,Focused
10:45:07,Focused
10:45:07,Focused
10:45:07,Focused
10:45:07,Focused
10:45:07,Focused
10:45:07,Focused
10:45:07,Focused
10:45:07,Focused
10:45:07,Focused
10:45:07,Focused
10:45:07,Focused
10:45:07,Focused
10:45:07,Focused
10:45:07,Focused
10:45:07,Focused
10:45:07,Focused
10:45:07,Focused
10:45:08,Focused
10:45:08,Focused
10:45:08,Focused
10:45:08,Focused
10:45:08,Focused
10:45:08,Focused
10:45:08,Focused
10:45:08,Focused
10:45:08,Focused
10:45:08,Focused
10:45:08,Focused
10:45:08,Focused
10:45:08,Focused
10:45:08,Focused
10:45:08,Focused
10:45:08,Focused
10:45:08,Focused
10:45:08,Focused
10:45:08,Focused
10:45:08,Focused
10:45:08,Focused
10:45:08,Focused
10:45:08,Focused
10:45:08,Focused
10:45:08,Focused
10:45:08,Focused
10:45:08,Focused
10:45:08,Focused
10:45:08,Focused
10:45:08,Focused
10:45:09,Focused
10:45:09,Focused
10:45:09,Focused
10:45:09,Focused
10:45:09,Focused
10:45:09,Focused
10:45:09,Focused
10:45:09,Focused
10:45:09,Focused
10:45:09,Focused
10:45:09,Focused
10:45:09,Focused
10:45:09,Focused
10:45:09,Focused
10:45:09,Focused
10:45:09,Focused
10:45:09,Focused
10:45:09,Focused
10:45:09,Focused
10:45:09,Focused
10:45:09,Focused
10:45:09,Focused
10:45:09,Focused
10:45:09,Focused
10:45:09,Focused
10:45:09,Focused
10:45:09,Focused
10:45:09,Focused
10:45:09,Focused
10:45:09,Focused
10:45:10,Focused
10:45:10,Focused
10:45:10,Focused
10:45:10,Focused
10:45:10,Focused
10:45:10,Focused
10:45:10,Focused
10:45:10,Focused
10:45:10,Focused
10:45:10,Focused
10:45:10,Focused
10:45:10,Focused
10:45:10,Focused
10:45:10,Focused
10:45:10,Focused
10:45:10,Focused
10:45:10,Focused
10:45:10,Focused
10:45:10,Focused
10:45:10,Focused
10:45:10,Focused
10:45:10,Focused
10:45:10,Focused
10:45:10,Focused
10:45:10,Focused
10:45:10,Focused
10:45:10,Focused
10:45:10,Focused
10:45:10,Focused
10:45:10,Focused
10:45:11,Focused
10:45:11,Focused
10:45:11,Focused
10:45:11,Focused
10:45:11,Focused
10:45:11,Focused
10:45:11,Focused
10:45:11,Focused
10:45:11,Focused
10:45:11,Focused
10:45:11,Focused
10:45:11,Focused
10:45:11,Focused
10:45:11,Focused
10:45:11,Focused
10:45:11,Focused
10:45:11,Focused
10:45:11,Focused
10:45:11,Focused
10:45:11,Focused
10:45:11,Focused
10:45:11,Focused
10:45:11,Focused
10:45:11,Focused
10:45:11,Focused
10:45:11,Focused
10:45:11,Focused
10:45:11,Focused
10:45:11,Focused
10:45:11,Focused
10:45:12,Focused
10:45:12,Focused
10:45:12,Focused
10:45:12,Focused
10:45:12,Focused
10:45:12,Focused
10:45:12,Focused
10:45:12,Focused
10:45:12,Focused
10:45:12,Focused
10:45:12,Focused
10:45:12,Focused
10:45:12,Focused
10:45:12,Focused
10:45:12,Focused
10:45:12,Focused
10:45:12,Focused
10:45:12,Focused
10:45:12,Focused
10:45:12,Focused
10:45:12,Focused
10:45:12,Focused
10:45:12,Focused
10:45:12,Focused
10:45:12,Focused
10:45:12,Focused
10:45:12,Focused
10:45:12,Focused
10:45:12,Focused
10:45:13,Focused
10:45:13,Focused
10:45:13,Focused
10:45:13,Focused
10:45:13,Focused
10:45:13,Focused
10:45:13,Focused
10:45:13,Focused
10:45:13,Focused
10:45:13,Focused
10:45:13,Focused
10:45:13,Focused
10:45:13,Focused
10:45:13,Focused
10:45:13,Focused
10:45:13,Focused
10:45:13,Focused
10:45:13,Focused
10:45:13,Focused
10:45:13,Focused
10:45:13,Focused
10:45:13,Focused
10:45:13,Focused
10:45:13,Focused
10:45:13,Focused
10:45:13,Focused
10:45:13,Focused
10:45:13,Focused
10:45:13,Focused
10:45:13,Focused
10:45:13,Focused
10:45:14,Focused
10:45:14,Focused
10:45:14,Focused
10:45:14,Focused
10:45:14,Focused
10:45:14,Focused
10:45:14,Focused
10:45:14,Focused
10:45:14,Focused
10:45:14,Focused
10:45:14,Focused
10:45:14,Focused
10:45:14,Focused
10:45:14,Focused
10:45:14,Focused
10:45:14,Focused
10:45:14,Focused
10:45:14,Focused
10:45:14,Focused
10:45:14,Focused
10:45:14,Focused
10:45:14,Focused
10:45:14,Focused
10:45:14,Focused
10:45:14,Focused
10:45:14,Focused
10:45:14,Focused
10:45:14,Focused
10:45:14,Focused
10:45:14,Focused
10:45:15,Focused
10:45:15,Focused
10:45:15,Focused
10:45:15,Focused
10:45:15,Focused
10:45:15,Focused
10:45:15,Focused
10:45:15,Focused
10:45:15,Focused
10:45:15,Focused
10:45:15,Focused
10:45:15,Focused
10:45:15,Focused
10:45:15,Focused
10:45:15,Focused
10:45:15,Focused
10:45:15,Focused
10:45:15,Focused
10:45:15,Focused
10:45:15,Focused
10:45:15,Focused
10:45:15,Focused
10:45:15,Focused
10:45:15,Focused
10:45:15,Focused
10:45:15,Focused
10:45:15,Focused
10:45:15,Focused
10:45:15,Focused
10:45:16,Focused
10:45:16,Focused
10:45:16,Focused
10:45:16,Focused
10:45:16,Focused
10:45:16,Focused
10:45:16,Focused
10:45:16,Focused
10:45:16,Focused
10:45:16,Focused
10:45:16,Focused
10:45:16,Focused
10:45:16,Focused
10:45:16,Focused
10:45:16,Focused
10:45:16,Focused
10:45:16,Focused
10:45:16,Focused
10:45:16,Focused
10:45:16,Focused
10:45:16,Focused
10:45:16,Focused
10:45:16,Focused
10:45:16,Focused
10:45:16,Focused
10:45:16,Focused
10:45:16,Focused
10:45:16,Focused
10:45:16,Focused
10:45:16,Focused
10:45:16,Focused
10:45:17,Focused
10:45:17,Focused
10:45:17,Focused
10:45:17,Focused
10:45:17,Focused
10:45:17,Focused
10:45:17,Focused
10:45:17,Focused
10:45:17,Focused
10:45:17,Focused
10:45:17,Focused
10:45:17,Focused
10:45:17,Focused
10:45:17,Focused
10:45:17,Focused
10:45:17,Focused
10:45:17,Focused
10:45:17,Focused
10:45:17,Focused
10:45:17,Focused
10:45:17,Focused
10:45:17,Focused
10:45:17,Focused
10:45:17,Focused
10:45:17,Focused
10:45:17,Focused
10:45:17,Focused
10:45:17,Focused
10:45:17,Focused
10:45:17,Focused
10:45:18,Focused
10:45:18,Focused
10:45:18,Focused
10:45:18,Focused
10:45:18,Focused
10:45:18,Focused
10:45:18,Focused
10:45:18,Focused
10:45:18,Focused
10:45:18,Focused
10:45:18,Focused
10:45:18,Focused
10:45:18,Focused
10:45:18,Focused
10:45:18,Focused
10:45:18,Focused
10:45:18,Focused
10:45:18,Focused
10:45:18,Focused
10:45:18,Focused
10:45:18,Focused
10:45:18,Focused
10:45:18,Focused
10:45:18,Focused
10:45:18,Focused
10:45:18,Focused
10:45:18,Focused
10:45:18,Focused
10:45:18,Focused
10:45:18,Focused
10:45:19,Focused
10:45:19,Focused
10:45:19,Focused
10:45:19,Focused
10:45:19,Focused
10:45:19,Focused
10:45:19,Focused
10:45:19,Focused
10:45:19,Focused
10:45:19,Focused
10:45:19,Focused
10:45:19,Focused
10:45:19,Focused
10:45:19,Focused
10:45:19,Focused
10:45:19,Focused
10:45:19,Focused
10:45:19,Focused
10:45:19,Focused
10:45:19,Focused
10:45:19,Focused
10:45:19,Focused
10:45:19,Focused
10:45:19,Focused
10:45:19,Focused
10:45:19,Focused
10:45:19,Focused
10:45:19,Focused
10:45:19,Focused
10:45:19,Focused
10:45:20,Focused
10:45:20,Focused
10:45:20,Focused
10:45:20,Focused
10:45:20,Focused
10:45:20,Focused
10:45:20,Focused
10:45:20,Focused
10:45:20,Focused
10:45:20,Focused
10:45:20,Focused
10:45:20,Focused
10:45:20,Focused
10:45:20,Focused
10:45:20,Focused
10:45:20,Focused
10:45:20,Focused
10:45:20,Focused
10:45:20,Focused
10:45:20,Focused
10:45:20,Focused
10:45:20,Focused
10:45:20,Focused
10:45:20,Focused
10:45:20,Focused
10:45:20,Focused
10:45:20,Focused
10:45:20,Focused
10:45:20,Focused
10:45:20,Focused
10:45:21,Focused
10:45:21,Focused
10:45:21,Focused
10:45:21,Focused
10:45:21,Focused
10:45:21,Focused
10:45:21,Focused
10:45:21,Focused
10:45:21,Focused
10:45:21,Focused
10:45:21,Focused
10:45:21,Focused
10:45:21,Focused
10:45:21,Focused
10:45:21,Focused
10:45:21,Focused
10:45:21,Focused
10:45:21,Focused
10:45:21,Focused
10:45:21,Focused
10:45:21,Focused
10:45:21,Focused
10:45:21,Focused
10:45:21,Focused
10:45:21,Focused
10:45:21,Focused
10:45:21,Focused
10:45:21,Focused
10:45:21,Focused
10:45:21,Focused
10:45:22,Focused
10:45:22,Focused
10:45:22,Focused
10:45:22,Focused
10:45:22,Focused
10:45:22,Focused
10:45:22,Focused
10:45:22,Focused
10:45:22,Focused
10:45:22,Focused
10:45:22,Focused
10:45:22,Focused
10:45:22,Focused
10:45:22,Focused
10:45:22,Focused
10:45:22,Focused
10:45:22,Focused
10:45:22,Focused
10:45:22,Focused
10:45:22,Focused
10:45:22,Focused
10:45:22,Focused
10:45:22,Focused
10:45:22,Focused
10:45:22,Focused
10:45:22,Focused
10:45:22,Focused
10:45:22,Focused
10:45:22,Focused
10:45:22,Focused
10:45:23,Focused
10:45:23,Focused
10:45:23,Focused
10:45:23,Focused
10:45:23,Focused
10:45:23,Focused
10:45:23,Focused
10:45:23,Focused
10:45:23,Focused
10:45:23,Focused
10:45:23,Focused
10:45:23,Focused
10:45:23,Focused
10:45:23,Focused
10:45:23,Focused
10:45:23,Focused
10:45:23,Focused
10:45:23,Focused
10:45:23,Focused
10:45:23,Focused
10:45:23,Focused
10:45:23,Focused
10:45:23,Focused
10:45:23,Focused
10:45:23,Focused
10:45:23,Focused
10:45:23,Focused
10:45:23,Focused
10:45:23,Focused
10:45:23,Focused
10:45:24,Focused
10:45:24,Focused
10:45:24,Focused
10:45:24,Focused
10:45:24,Focused
10:45:24,Focused
10:45:24,Focused
10:45:24,Focused
10:45:24,Focused
10:45:24,Focused
10:45:24,Focused
10:45:24,Focused
10:45:24,Focused
10:45:24,Focused
10:45:24,Focused
10:45:24,Focused
10:45:24,Focused
10:45:24,Focused
10:45:24,Focused
10:45:24,Focused
10:45:24,Focused
10:45:24,Focused
10:45:24,Focused
10:45:24,Focused
10:45:24,Focused
10:45:24,Focused
10:45:24,Focused
10:45:24,Focused
10:45:24,Focused
10:45:24,Focused
10:45:25,Focused
10:45:25,Focused
10:45:25,Focused
10:45:25,Focused
10:45:25,Focused
10:45:25,Focused
10:45:25,Focused
10:45:25,Focused
10:45:25,Focused
10:45:25,Focused
10:45:25,Focused
10:45:25,Focused
10:45:25,Focused
10:45:25,Focused
10:45:25,Focused
10:45:25,Focused
10:45:25,Focused
10:45:25,Focused
10:45:25,Focused
10:45:25,Focused
10:45:25,Focused
10:45:25,Focused
10:45:25,Focused
10:45:25,Focused
10:45:25,Focused
10:45:25,Focused
10:45:25,Focused
10:45:25,Focused
10:45:25,Focused
10:45:25,Focused
10:45:26,Focused
10:45:26,Focused
10:45:26,Focused
10:45:26,Focused
10:45:26,Focused
10:45:26,Focused
10:45:26,Focused
10:45:26,Focused
10:45:26,Focused
10:45:26,Focused
10:45:26,Focused
10:45:26,Focused
10:45:26,Focused
10:45:26,Focused
10:45:26,Focused
10:45:26,Focused
10:45:26,Focused
10:45:26,Focused
10:45:26,Focused
10:45:26,Focused
10:45:26,Focused
10:45:26,Focused
10:45:26,Focused
10:45:26,Focused
10:45:26,Focused
10:45:26,Focused
10:45:26,Focused
10:45:26,Focused
10:45:26,Focused
10:45:27,Focused
10:45:27,Focused
10:45:27,Focused
10:45:27,Focused
10:45:27,Focused
10:45:27,Focused
10:45:27,Focused
10:45:27,Focused
10:45:27,Focused
10:45:27,Focused
10:45:27,Focused
10:45:27,Focused
10:45:27,Focused
10:45:27,Focused
10:45:27,Focused
10:45:27,Focused
10:45:27,Focused
10:45:27,Focused
10:45:27,Focused
10:45:27,Focused
10:45:27,Focused
10:45:27,Focused
10:45:27,Focused
10:45:27,Focused
10:45:27,Focused
10:45:27,Focused
10:45:27,Focused
10:45:27,Focused
10:45:27,Focused
10:45:27,Focused
10:45:27,Focused
10:45:28,Focused
10:45:28,Focused
10:45:28,Focused
10:45:28,Focused
10:45:28,Focused
10:45:28,Focused
10:45:28,Focused
10:45:28,Focused
10:45:28,Focused
10:45:28,Focused
10:45:28,Focused
10:45:28,Focused
10:45:28,Focused
10:45:28,Focused
10:45:28,Focused
10:45:28,Focused
10:45:28,Focused
10:45:28,Focused
10:45:28,Focused
10:45:28,Focused
10:45:28,Focused
10:45:28,Focused
10:45:28,Focused
10:45:28,Focused
10:45:29,Focused
10:45:29,Focused
10:45:29,Focused
10:45:29,Focused
10:45:29,Focused
10:45:29,Focused
10:45:29,Focused
10:45:29,Focused
10:45:29,Focused
10:45:29,Focused
10:45:29,Focused
10:45:29,Focused
10:45:29,Focused
10:45:29,Focused
10:45:29,Focused
10:45:29,Focused
10:45:29,Focused
10:45:29,Focused
10:45:29,Focused
10:45:29,Focused
10:45:29,Focused
10:45:29,Focused
10:45:29,Focused
10:45:29,Focused
10:45:29,Focused
10:45:29,Focused
10:45:29,Focused
10:45:29,Focused
10:45:29,Focused
10:45:29,Focused
10:45:29,Focused
10:45:29,Focused
10:45:30,Focused
10:45:30,Focused
10:45:30,Focused
10:45:30,Focused
10:45:30,Focused
10:45:30,Focused
10:45:30,Focused
10:45:30,Focused
10:45:30,Focused
10:45:30,Focused
10:45:30,Focused
10:45:30,Focused
10:45:30,Focused
10:45:30,Focused
10:45:30,Focused
10:49:56,Focused
10:49:56,Focused
10:49:56,Focused
10:49:56,Focused
10:49:56,Focused
10:49:56,Focused
10:49:56,Focused
10:49:56,Focused
10:49:56,Focused
10:49:56,Focused
10:49:56,Focused
10:49:56,Focused
10:49:56,Focused
10:49:57,Focused
10:49:57,Focused
10:49:57,Focused
10:49:57,Focused
10:49:57,Focused
10:49:57,Focused
10:49:57,Focused
10:49:57,Focused
10:49:57,Focused
10:49:57,Focused
10:49:57,Focused
10:49:57,Focused
10:49:57,Focused
10:49:57,Focused
10:49:57,Focused
10:49:57,Focused
10:49:57,Focused
10:49:57,Focused
10:49:57,Focused
10:49:57,Focused
10:49:57,Focused
10:49:57,Focused
10:49:57,Focused
10:49:57,Focused
10:49:57,Focused
10:49:57,Focused
10:49:57,Focused
10:49:57,Focused
10:49:57,Focused
10:49:57,Focused
10:49:57,Focused
10:49:58,Focused
10:49:58,Focused
10:49:58,Focused
10:49:58,Focused
10:49:58,Focused
10:49:58,Focused
10:49:58,Focused
10:49:58,Focused
10:49:58,Focused
10:49:58,Focused
10:49:58,Focused
10:49:58,Focused
10:49:58,Focused
10:49:58,Focused
10:49:58,Focused
10:49:58,Focused
10:49:58,Focused
10:49:58,Focused
10:49:58,Focused
10:49:58,Focused
10:49:58,Focused
10:49:58,Focused
10:49:58,Focused
10:49:58,Focused
10:49:58,Focused
10:49:58,Focused
10:49:58,Focused
10:49:58,Focused
10:49:58,Focused
10:49:59,Focused
10:49:59,Focused
10:49:59,Focused
10:49:59,Focused
10:49:59,Focused
10:49:59,Focused
10:49:59,Focused
10:49:59,Focused
10:49:59,Focused
10:49:59,Focused
10:49:59,Focused
10:49:59,Focused
10:49:59,Focused
10:49:59,Focused
10:49:59,Focused
10:49:59,Focused
10:49:59,Focused
10:49:59,Focused
10:49:59,Focused
10:49:59,Focused
10:49:59,Focused
10:49:59,Focused
10:49:59,Focused
10:49:59,Focused
10:49:59,Focused
10:49:59,Focused
10:49:59,Focused
10:49:59,Focused
10:49:59,Focused
10:49:59,Focused
10:49:59,Focused
10:50:00,Focused
10:50:00,Focused
10:50:00,Focused
10:50:00,Focused
10:50:00,Focused
10:50:00,Focused
10:50:00,Focused
10:50:00,Focused
10:50:00,Focused
10:50:00,Focused
10:50:00,Focused
10:50:00,Focused
10:50:00,Focused
10:50:00,Focused
10:50:00,Focused
10:50:00,Focused
10:50:00,Focused
10:50:00,Focused
10:50:00,Focused
10:50:00,Focused
10:50:00,Focused
10:50:00,Focused
10:50:00,Focused
10:50:00,Focused
10:50:00,Focused
10:50:00,Focused
10:50:00,Focused
10:50:00,Focused
10:50:01,Focused
10:50:01,Focused
10:50:01,Focused
10:50:01,Focused
10:50:01,Focused
10:50:01,Focused
10:50:01,Focused
10:50:01,Focused
10:50:01,Focused
10:50:01,Focused
10:50:01,Focused
10:50:01,Focused
10:50:01,Focused
10:50:01,Focused
10:50:01,Focused
10:50:01,Focused
10:50:01,Focused
10:50:01,Focused
10:50:01,Focused
10:50:01,Focused
10:50:01,Focused
10:50:01,Focused
10:50:01,Focused
10:50:01,Focused
10:50:01,Focused
10:50:01,Focused
10:50:01,Focused
10:50:01,Focused
10:50:01,Focused
10:50:01,Focused
10:50:01,Focused
10:50:01,Focused
10:50:02,Focused
10:50:02,Focused
10:50:02,Focused
10:50:02,Focused
10:50:02,Focused
10:50:02,Focused
10:50:02,Focused
10:50:02,Focused
10:50:02,Focused
10:50:02,Focused
10:50:02,Focused
10:50:02,Focused
10:50:02,Focused
10:50:02,Focused
10:50:02,Focused
10:50:02,Focused
10:50:02,Focused
10:50:02,Focused
10:50:02,Focused
10:50:02,Focused
10:50:02,Focused
10:50:02,Focused
10:50:02,Focused
10:50:02,Focused
10:50:02,Focused
10:50:02,Focused
10:50:02,Focused
10:50:02,Focused
10:50:02,Focused
10:50:03,Focused
10:50:03,Focused
10:50:03,Focused
10:50:03,Focused
10:50:03,Focused
10:50:03,Focused
10:50:03,Focused
10:50:03,Focused
10:50:03,Focused
10:50:03,Focused
10:50:03,Focused
10:50:03,Focused
10:50:03,Focused
10:50:03,Focused
10:50:03,Focused
10:50:03,Focused
10:50:03,Focused
10:50:03,Focused
10:50:03,Focused
10:50:03,Focused
10:50:03,Focused
10:50:03,Focused
10:50:03,Focused
10:50:03,Focused
10:50:03,Focused
10:50:03,Focused
10:50:03,Focused
10:50:03,Focused
10:50:03,Focused
10:50:03,Focused
10:50:04,Focused
10:50:04,Focused
10:50:04,Focused
10:50:04,Focused
10:50:04,Focused
10:50:04,Focused
10:50:04,Focused
10:50:04,Focused
10:50:04,Focused
10:50:04,Focused
10:50:04,Focused
10:50:04,Focused
10:50:04,Focused
10:50:04,Focused
10:50:04,Focused
10:50:04,Focused
10:50:04,Focused
10:50:04,Focused
10:50:04,Focused
10:50:04,Focused
10:50:04,Focused
10:50:04,Focused
10:50:04,Focused
10:50:04,Focused
10:50:04,Focused
10:50:04,Focused
10:50:04,Focused
10:50:04,Focused
10:50:04,Focused
10:50:04,Focused
10:50:05,Focused
10:50:05,Focused
10:50:05,Focused
10:50:05,Focused
10:50:05,Focused
10:50:05,Focused
10:50:05,Focused
10:50:05,Focused
10:50:05,Focused
10:50:05,Focused
10:50:05,Focused
10:50:05,Focused
10:50:05,Focused
10:50:05,Focused
10:50:05,Focused
10:50:05,Focused
10:50:05,Focused
10:50:05,Focused
10:50:05,Focused
10:50:05,Focused
10:50:05,Focused
10:50:05,Focused
10:50:05,Focused
10:50:05,Focused
10:50:05,Focused
10:50:05,Focused
10:50:05,Focused
10:50:05,Focused
10:50:05,Focused
10:50:05,Focused
10:50:06,Focused
10:50:06,Focused
10:50:06,Focused
10:50:06,Focused
10:50:06,Focused
10:50:06,Focused
10:50:06,Focused
10:50:06,Focused
10:50:06,Focused
10:50:06,Focused
10:50:06,Focused
10:50:06,Focused
10:50:06,Focused
10:50:06,Focused
10:50:06,Focused
10:50:06,Focused
10:50:06,Focused
10:50:06,Focused
10:50:06,Focused
10:50:06,Focused
10:50:06,Focused
10:50:06,Focused
10:50:06,Focused
10:50:06,Focused
10:50:06,Focused
10:50:06,Focused
10:50:06,Focused
10:50:06,Focused
10:50:06,Focused
10:50:06,Focused
10:50:07,Focused
10:50:07,Focused
10:50:07,Focused
10:50:07,Focused
10:50:07,Focused
10:50:07,Focused
10:50:07,Focused
10:50:07,Focused
10:50:07,Focused
10:50:07,Focused
10:50:07,Focused
10:50:07,Focused
10:50:07,Focused
10:50:07,Focused
10:50:07,Focused
10:50:07,Focused
10:50:07,Focused
10:50:07,Focused
10:50:07,Focused
10:50:07,Focused
10:50:07,Focused
10:50:07,Focused
10:50:07,Focused
10:50:07,Focused
10:50:07,Focused
10:50:07,Focused
10:50:07,Focused
10:50:07,Focused
10:50:07,Focused
10:50:07,Focused
10:50:08,Focused
10:50:08,Focused
10:50:08,Focused
10:50:08,Focused
10:50:08,Focused
10:50:08,Focused
10:50:08,Focused
10:50:08,Focused
10:50:08,Focused
10:50:08,Focused
10:50:08,Focused
10:50:08,Focused
10:50:08,Focused
10:50:08,Focused
10:50:08,Focused
10:50:08,Focused
10:50:08,Focused
10:50:08,Focused
10:50:08,Focused
10:50:08,Focused
10:50:08,Focused
10:50:08,Focused
10:50:08,Focused
10:50:08,Focused
10:50:08,Focused
10:50:08,Focused
10:50:08,Focused
10:50:08,Focused
10:50:08,Focused
10:50:08,Focused
10:50:09,Focused
10:50:09,Focused
10:50:09,Focused
10:50:09,Focused
10:50:09,Focused
10:50:09,Focused
10:50:09,Focused
10:50:09,Focused
10:50:09,Focused
10:50:09,Focused
10:50:09,Focused
10:50:09,Focused
10:50:09,Focused
10:50:09,Focused
10:50:09,Focused
10:50:09,Focused
10:50:09,Focused
10:50:09,Focused
10:50:09,Focused
10:50:09,Focused
10:50:09,Focused
10:50:09,Focused
10:50:09,Focused
10:50:09,Focused
10:50:09,Focused
10:50:09,Focused
10:50:09,Focused
10:50:09,Focused
10:50:09,Focused
10:50:09,Focused
10:50:10,Focused
10:50:10,Focused
10:50:10,Focused
10:50:10,Focused
10:50:10,Focused
10:50:10,Focused
10:50:10,Focused
10:50:10,Focused
10:50:10,Focused
10:50:10,Focused
10:50:10,Focused
10:50:10,Focused
10:50:10,Focused
10:50:10,Focused
10:50:10,Focused
10:50:10,Focused
10:50:10,Focused
10:50:10,Focused
10:50:10,Focused
10:50:10,Focused
10:50:10,Focused
10:50:10,Focused
10:50:10,Focused
10:50:10,Focused
10:50:10,Focused
10:50:10,Focused
10:50:10,Focused
10:50:10,Focused
10:50:10,Focused
10:50:10,Focused
10:50:11,Focused
10:50:11,Focused
10:50:11,Focused
10:50:11,Focused
10:50:11,Focused
10:50:11,Focused
10:50:11,Focused
10:50:11,Focused
10:50:11,Focused
10:50:11,Focused
10:50:11,Focused
10:50:11,Focused
10:50:11,Focused
10:50:11,Focused
10:50:11,Focused
10:50:11,Focused
10:50:11,Focused
10:50:11,Focused
10:50:11,Focused
10:50:11,Focused
10:50:11,Focused
10:50:11,Focused
10:50:11,Focused
10:50:11,Focused
10:50:11,Focused
10:50:11,Focused
10:50:11,Focused
10:50:11,Focused
10:50:11,Focused
10:50:11,Focused
10:50:12,Focused
10:50:12,Focused
10:50:12,Focused
10:50:12,Focused
10:50:12,Focused
10:50:12,Focused
10:50:12,Focused
10:50:12,Focused
10:50:12,Focused
10:50:12,Focused
10:50:12,Focused
10:50:12,Focused
10:50:12,Focused
10:50:12,Focused
10:50:12,Focused
10:50:12,Focused
10:50:12,Focused
10:50:12,Focused
10:50:12,Focused
10:50:12,Focused
10:50:12,Focused
10:50:12,Focused
10:50:12,Focused
10:50:12,Focused
10:50:12,Focused
10:50:12,Focused
10:50:12,Focused
10:50:12,Focused
10:50:12,Focused
10:50:12,Focused
10:50:13,Focused
10:50:13,Focused
10:50:13,Focused
10:50:13,Focused
10:50:13,Focused
10:50:13,Focused
10:50:13,Focused
10:50:13,Focused
10:50:13,Focused
10:50:13,Focused
10:50:13,Focused
10:50:13,Focused
10:50:13,Focused
10:50:13,Focused
10:50:13,Focused
10:50:13,Focused
10:50:13,Focused
10:50:13,Focused
10:50:13,Focused
10:50:13,Focused
10:50:13,Focused
10:50:13,Focused
10:50:13,Focused
10:50:13,Focused
10:50:13,Focused
10:50:13,Focused
10:50:13,Focused
10:50:13,Focused
10:50:13,Focused
10:50:13,Focused
10:50:13,Focused
10:50:14,Focused
10:50:14,Focused
10:50:14,Focused
10:50:14,Focused
10:50:14,Focused
10:50:14,Focused
10:50:14,Focused
10:50:14,Focused
10:50:14,Focused
10:50:14,Focused
10:50:14,Focused
10:50:14,Focused
10:50:14,Focused
10:50:14,Focused
10:50:14,Focused
10:50:14,Focused
10:50:14,Focused
10:50:14,Focused
10:50:14,Focused
10:50:14,Focused
10:50:14,Focused
10:50:14,Focused
10:50:14,Focused
10:50:14,Focused
10:50:14,Focused
10:50:14,Focused
10:50:14,Focused
10:50:14,Focused
10:50:15,Focused
10:50:15,Focused
10:50:15,Focused
10:50:15,Focused
10:50:15,Focused
10:50:15,Focused
10:50:15,Focused
10:50:15,Focused
10:50:15,Focused
10:50:15,Focused
10:50:15,Focused
10:50:15,Focused
10:50:15,Focused
10:50:15,Focused
10:50:15,Focused
10:50:15,Focused
10:50:15,Focused
10:50:15,Focused
10:50:15,Focused
10:50:15,Focused
10:50:15,Focused
10:50:15,Focused
10:50:15,Focused
10:50:15,Focused
10:50:15,Focused
10:50:15,Focused
10:50:15,Focused
10:50:15,Focused
10:50:15,Focused
10:50:15,Focused
10:50:15,Focused
10:50:15,Focused
10:50:16,Focused
10:50:16,Focused
10:50:16,Focused
10:50:16,Focused
10:50:16,Focused
10:50:16,Focused
10:50:16,Focused
10:50:16,Focused
10:50:16,Focused
10:50:16,Focused
10:50:16,Focused
10:50:16,Focused
10:50:16,Focused
10:50:16,Focused
10:50:16,Focused
10:50:16,Focused
10:50:16,Focused
10:50:16,Focused
10:50:16,Focused
10:50:16,Focused
10:50:16,Focused
10:50:16,Focused
10:50:16,Focused
10:50:16,Focused
10:50:16,Focused
10:50:16,Focused
10:50:16,Focused
10:50:16,Focused
10:50:16,Focused
10:50:17,Focused
10:50:17,Focused
10:50:17,Focused
10:50:17,Focused
10:50:17,Focused
10:50:17,Focused
10:50:17,Focused
10:50:17,Focused
10:50:17,Focused
10:50:17,Focused
10:50:17,Focused
10:50:17,Focused
10:50:17,Focused
10:50:17,Focused
10:50:17,Focused
10:50:17,Focused
10:50:17,Focused
10:50:17,Focused
10:50:17,Focused
10:50:17,Focused
10:50:17,Focused
10:50:17,Focused
10:50:17,Focused
10:50:17,Focused
10:50:17,Focused
10:50:17,Focused
10:50:17,Focused
10:50:17,Focused
10:50:17,Focused
10:50:18,Focused
10:50:18,Focused
10:50:18,Focused
10:50:18,Focused
10:50:18,Focused
10:50:18,Focused
10:50:18,Focused
10:50:18,Focused
10:50:18,Focused
10:50:18,Focused
10:50:18,Focused
10:50:18,Focused
10:50:18,Focused
10:50:18,Focused
10:50:18,Focused
10:50:18,Focused
10:50:18,Focused
10:50:18,Focused
10:50:18,Focused
10:50:18,Focused
10:50:18,Focused
10:50:18,Focused
10:50:18,Focused
10:50:18,Focused
10:50:18,Focused
10:50:18,Focused
10:50:18,Focused
10:50:18,Focused
10:50:18,Focused
10:50:18,Focused
10:50:19,Focused
10:50:19,Focused
10:50:19,Focused
10:50:19,Focused
10:50:19,Focused
10:50:19,Focused
10:50:19,Focused
10:50:19,Focused
10:50:19,Focused
10:50:19,Focused
10:50:19,Focused
10:50:19,Focused
10:50:19,Focused
10:50:19,Focused
10:50:19,Focused
10:50:19,Focused
10:50:19,Focused
10:50:19,Focused
10:50:19,Focused
10:50:19,Focused
10:50:19,Focused
10:50:19,Focused
10:50:19,Focused
10:50:19,Focused
10:50:19,Focused
10:50:19,Focused
10:50:19,Focused
10:50:19,Focused
10:50:19,Focused
10:50:19,Focused
10:50:19,Focused
10:50:20,Focused
10:50:20,Focused
10:50:20,Focused
10:50:20,Focused
10:50:20,Focused
10:50:20,Focused
10:50:20,Focused
10:50:20,Focused
10:50:20,Focused
10:50:20,Focused
10:50:20,Focused
10:50:20,Focused
10:50:20,Focused
10:50:20,Focused
10:50:20,Focused
10:50:20,Focused
10:50:20,Focused
10:50:20,Focused
10:50:20,Focused
10:50:20,Focused
10:50:20,Focused
10:50:20,Focused
10:50:20,Focused
10:50:20,Focused
10:50:20,Focused
10:50:20,Focused
10:50:20,Focused
10:50:20,Focused
10:50:20,Focused
10:50:20,Focused
10:50:21,Focused
10:50:21,Focused
10:50:21,Focused
10:50:21,Focused
10:50:21,Focused
10:50:21,Focused
10:50:21,Focused
10:50:21,Focused
10:50:21,Focused
10:50:21,Focused
10:50:21,Focused
10:50:21,Focused
10:50:21,Focused
10:50:21,Focused
10:50:21,Focused
10:50:21,Focused
10:50:21,Focused
10:50:21,Focused
10:50:21,Focused
10:50:21,Focused
10:50:21,Focused
10:50:21,Focused
10:50:21,Focused
10:50:21,Focused
10:50:21,Focused
10:50:21,Focused
10:50:21,Focused
10:50:21,Focused
10:50:21,Focused
10:50:21,Focused
10:50:22,Focused
10:50:22,Focused
10:50:22,Focused
10:50:22,Focused
10:50:22,Focused
10:50:22,Focused
10:50:22,Focused
10:50:22,Focused
10:50:22,Focused
10:50:22,Focused
10:50:22,Focused
10:50:22,Focused
10:50:22,Focused
10:50:22,Focused
10:50:22,Focused
10:50:22,Focused
10:50:22,Focused
10:50:22,Focused
10:50:22,Focused
10:50:22,Focused
10:50:22,Focused
10:50:22,Focused
10:50:22,Focused
10:50:22,Focused
10:50:22,Focused
10:50:22,Focused
10:50:22,Focused
10:50:22,Focused
10:50:22,Focused
10:50:22,Focused
10:50:23,Focused
10:50:23,Focused
10:50:23,Focused
10:50:23,Focused
10:50:23,Focused
10:50:23,Focused
10:50:23,Focused
10:50:23,Focused
10:50:23,Focused
10:50:23,Focused
10:50:23,Focused
10:50:23,Focused
10:50:23,Focused
10:50:23,Focused
10:50:23,Focused
10:50:23,Focused
10:50:23,Focused
10:50:23,Focused
10:50:23,Focused
10:50:23,Focused
10:50:23,Focused
10:50:23,Focused
10:50:23,Focused
10:50:23,Focused
10:50:23,Focused
10:50:23,Focused
10:50:23,Focused
10:50:23,Focused
10:50:23,Focused
10:50:23,Focused
10:50:24,Focused
10:50:24,Focused
10:50:24,Focused
10:50:24,Focused
10:50:24,Focused
10:50:24,Focused
10:50:24,Focused
10:50:24,Focused
10:50:24,Focused
10:50:24,Focused
10:50:24,Focused
10:50:24,Focused
10:50:24,Focused
10:50:24,Focused
10:50:24,Focused
10:50:24,Focused
10:50:24,Focused
10:50:24,Focused
10:50:24,Focused
10:50:24,Focused
10:50:24,Focused
10:50:24,Focused
10:50:24,Focused
10:50:24,Focused
10:50:24,Focused
10:50:24,Focused
10:50:24,Focused
10:50:24,Focused
10:50:24,Focused
10:50:24,Focused
10:50:25,Focused
10:50:25,Focused
10:50:25,Focused
10:50:25,Focused
10:50:25,Focused
10:50:25,Focused
10:50:25,Focused
10:50:25,Focused
10:50:25,Focused
10:50:25,Focused
10:50:25,Focused
10:50:25,Focused
10:50:25,Focused
10:50:25,Focused
10:50:25,Focused
10:50:25,Focused
10:50:25,Focused
10:50:25,Focused
10:50:25,Focused
10:50:25,Focused
10:50:25,Focused
10:50:25,Focused
10:50:25,Focused
10:50:25,Focused
10:50:25,Focused
10:50:25,Focused
10:50:25,Focused
10:50:25,Focused
10:50:25,Focused
10:50:25,Focused
10:50:25,Focused
10:50:26,Focused
10:50:26,Focused
10:50:26,Focused
10:50:26,Focused
10:50:26,Focused
10:50:26,Focused
10:50:26,Focused
10:50:26,Focused
10:50:26,Focused
10:50:26,Focused
10:50:26,Focused
10:50:26,Focused
10:50:26,Focused
10:50:26,Focused
10:50:26,Focused
10:50:26,Focused
10:50:26,Focused
10:50:26,Focused
10:50:26,Focused
10:50:26,Focused
10:50:26,Focused
10:50:26,Focused
10:50:26,Focused
10:50:26,Focused
10:50:26,Focused
10:50:26,Focused
10:50:26,Focused
10:50:26,Focused
10:50:26,Focused
10:50:27,Focused
10:50:27,Focused
10:50:27,Focused
10:50:27,Focused
10:50:27,Focused
10:50:27,Focused
10:50:27,Focused
10:50:27,Focused
10:50:27,Focused
10:50:27,Focused
10:50:27,Focused
10:50:27,Focused
10:50:27,Focused
10:50:27,Focused
10:50:27,Focused
10:50:27,Focused
10:50:27,Focused
10:50:27,Focused
10:50:27,Focused
10:50:27,Focused
10:50:27,Focused
10:50:27,Focused
10:50:27,Focused
10:50:27,Focused
10:50:27,Focused
10:50:27,Focused
10:50:27,Focused
10:50:27,Focused
10:50:27,Focused
10:50:27,Focused
10:50:27,Focused
10:50:28,Focused
10:50:28,Focused
10:50:28,Focused
10:50:28,Focused
10:50:28,Focused
10:50:28,Focused
10:50:28,Focused
10:50:28,Focused
10:50:28,Focused
10:50:28,Focused
10:50:28,Focused
10:50:28,Focused
10:50:28,Focused
10:50:28,Focused
10:50:28,Focused
10:50:28,Focused
10:50:28,Focused
10:50:28,Focused
10:50:28,Focused
10:50:28,Focused
10:50:28,Focused
10:50:28,Focused
10:50:28,Focused
10:50:28,Focused
10:50:28,Focused
10:50:28,Focused
10:50:28,Focused
10:50:28,Focused
10:50:29,Focused
10:50:29,Focused
10:50:29,Focused
10:50:29,Focused
10:50:29,Focused
10:50:29,Focused
10:50:29,Focused
10:50:29,Focused
10:50:29,Focused
10:50:29,Focused
10:50:29,Focused
10:50:29,Focused
10:50:29,Focused
10:50:29,Focused
10:50:29,Focused
10:50:29,Focused
10:50:29,Focused
10:50:29,Focused
10:50:29,Focused
10:50:29,Focused
10:50:29,Focused
10:50:29,Focused
10:50:29,Focused
10:50:29,Focused
10:50:29,Focused
10:50:29,Focused
10:50:29,Focused
10:50:29,Focused
10:50:29,Focused
10:50:29,Focused
10:50:29,Focused
10:50:29,Focused
10:50:30,Focused
10:50:30,Focused
10:50:30,Focused
10:50:30,Focused
10:50:30,Focused
10:50:30,Focused
10:50:30,Focused
10:50:30,Focused
10:50:30,Focused
10:50:30,Focused
10:50:30,Focused
10:50:30,Focused
10:50:30,Focused
10:50:30,Focused
10:50:30,Focused
10:50:30,Focused
10:50:30,Focused
10:50:30,Focused
10:50:30,Focused
10:50:30,Focused
10:50:30,Focused
10:50:30,Focused
10:50:30,Focused
10:50:30,Focused
10:50:30,Focused
10:50:30,Focused
10:50:30,Focused
10:50:30,Focused
10:50:30,Focused
10:50:31,Focused
10:50:31,Focused
10:50:31,Focused
10:50:31,Focused
10:50:31,Focused
10:50:31,Focused
10:50:31,Focused
10:50:31,Focused
10:50:31,Focused
10:50:31,Focused
10:50:31,Focused
10:50:31,Focused
10:50:31,Focused
10:50:31,Focused
10:50:31,Focused
10:50:31,Focused
10:50:31,Focused
10:50:31,Focused
10:50:31,Focused
10:50:31,Focused
10:50:31,Focused
10:50:31,Focused
10:50:31,Focused
10:50:31,Focused
10:50:31,Focused
10:50:31,Focused
10:50:31,Focused
10:50:31,Focused
10:50:31,Focused
10:50:32,Focused
10:50:32,Focused
10:50:32,Focused
10:50:32,Focused
10:50:32,Focused
10:50:32,Focused
10:50:32,Focused
10:50:32,Focused
10:50:32,Focused
10:50:32,Focused
10:50:32,Focused
10:50:32,Focused
10:50:32,Focused
10:50:32,Focused
10:50:32,Focused
10:50:32,Focused
10:50:32,Focused
10:50:32,Focused
10:50:32,Focused
10:50:32,Focused
10:50:32,Focused
10:50:32,Focused
10:50:32,Focused
10:50:32,Focused
10:50:32,Focused
10:50:33,Focused
10:50:33,Focused
10:50:33,Focused
10:50:33,Focused
10:50:33,Focused
10:50:33,Focused
10:50:33,Focused
10:50:33,Focused
10:50:33,Focused
10:50:33,Focused
10:50:33,Focused
10:52:06,Focused
10:52:06,Focused
10:52:06,Focused
10:52:06,Focused
10:52:06,Focused
10:52:06,Focused
10:52:06,Focused
10:52:06,Focused
10:52:06,Focused
10:52:06,Focused
10:52:06,Focused
10:52:06,Focused
10:52:06,Focused
10:52:06,Focused
10:52:07,Focused
10:52:07,Focused
10:52:07,Focused
10:52:07,Focused
10:52:07,Focused
10:52:07,Focused
10:52:07,Focused
10:52:07,Focused
10:52:07,Focused
10:52:07,Focused
10:52:07,Focused
10:52:07,Focused
10:52:07,Focused
10:52:07,Focused
10:52:07,Focused
10:52:07,Focused
10:52:07,Focused
10:52:07,Focused
10:52:07,Focused
10:52:07,Focused
10:52:07,Focused
10:52:07,Focused
10:52:07,Focused
10:52:07,Focused
10:52:07,Focused
10:52:07,Focused
10:52:07,Focused
10:52:07,Focused
10:52:07,Focused
10:52:07,Focused
10:52:08,Focused
10:52:08,Focused
10:52:08,Focused
10:52:08,Focused
10:52:08,Focused
10:52:08,Focused
10:52:08,Focused
10:52:08,Focused
10:52:08,Focused
10:52:08,Focused
10:52:08,Focused
10:52:08,Focused
10:52:08,Focused
10:52:08,Focused
10:52:08,Focused
10:52:08,Focused
10:52:08,Focused
10:52:08,Focused
10:52:08,Focused
10:52:08,Focused
10:52:08,Focused
10:52:08,Focused
10:52:08,Focused
10:52:08,Focused
10:52:08,Focused
10:52:08,Focused
10:52:08,Focused
10:52:08,Focused
10:52:08,Focused
10:52:08,Focused
10:52:09,Focused
10:52:09,Focused
10:52:09,Focused
10:52:09,Focused
10:52:09,Focused
10:52:09,Focused
10:52:09,Focused
10:52:09,Focused
10:52:09,Focused
10:52:09,Focused
10:52:09,Focused
10:52:09,Focused
10:52:09,Focused
10:52:09,Focused
10:52:09,Focused
10:52:09,Focused
10:52:09,Focused
10:52:09,Focused
10:52:09,Focused
10:52:09,Focused
10:52:09,Focused
10:52:09,Focused
10:52:09,Focused
10:52:09,Focused
10:52:09,Focused
10:52:09,Focused
10:52:09,Focused
10:52:09,Focused
10:52:09,Focused
10:52:09,Focused
10:52:10,Focused
10:52:10,Focused
10:52:10,Focused
10:52:10,Focused
10:52:10,Focused
10:52:10,Focused
10:52:10,Focused
10:52:10,Focused
10:52:10,Focused
10:52:10,Focused
10:52:10,Focused
10:52:10,Focused
10:52:10,Focused
10:52:10,Focused
10:52:10,Focused
10:52:10,Focused
10:52:10,Focused
10:52:10,Focused
10:52:10,Focused
10:52:10,Focused
10:52:10,Focused
10:52:10,Focused
10:52:10,Focused
10:52:10,Focused
10:52:10,Focused
10:52:10,Focused
10:52:10,Focused
10:52:10,Focused
10:52:10,Focused
10:52:11,Focused
10:52:11,Focused
10:52:11,Focused
10:52:11,Focused
10:52:11,Focused
10:52:11,Focused
10:52:11,Focused
10:52:11,Focused
10:52:11,Focused
10:52:11,Focused
10:52:11,Focused
10:52:11,Focused
10:52:11,Focused
10:52:11,Focused
10:52:11,Focused
10:52:11,Focused
10:52:11,Focused
10:52:11,Focused
10:52:11,Focused
10:52:11,Focused
10:52:11,Focused
10:52:11,Focused
10:52:11,Focused
10:52:11,Focused
10:52:11,Focused
10:52:11,Focused
10:52:11,Focused
10:52:11,Focused
10:52:11,Focused
10:52:11,Focused
10:52:11,Focused
10:52:12,Focused
10:52:12,Focused
10:52:12,Focused
10:52:12,Focused
10:52:12,Focused
10:52:12,Focused
10:52:12,Focused
10:52:12,Focused
10:52:12,Focused
10:52:12,Focused
10:52:12,Focused
10:52:12,Focused
10:52:12,Focused
10:52:12,Focused
10:52:12,Focused
10:52:12,Focused
10:52:12,Focused
10:52:12,Focused
10:52:12,Focused
10:52:12,Focused
10:52:12,Focused
10:52:12,Focused
10:52:12,Focused
10:52:12,Focused
10:52:12,Focused
10:52:12,Focused
10:52:12,Focused
10:52:12,Focused
10:52:12,Focused
10:52:12,Focused
10:52:13,Focused
10:54:28,Focused
10:54:28,Focused
10:54:28,Focused
10:54:28,Focused
10:54:28,Focused
10:54:28,Focused
10:54:28,Focused
10:54:28,Focused
10:54:28,Focused
10:54:28,Focused
10:54:28,Focused
10:54:28,Focused
10:54:28,Focused
10:54:28,Focused
10:54:28,Focused
10:54:28,Focused
10:54:28,Focused
10:54:28,Focused
10:54:29,Focused
10:54:29,Focused
10:54:29,Focused
10:54:29,Focused
10:54:29,Focused
10:54:29,Focused
10:54:29,Focused
10:54:29,Focused
10:54:29,Focused
10:54:29,Focused
10:54:29,Focused
10:54:29,Focused
10:54:29,Focused
10:54:29,Focused
10:54:29,Focused
10:54:29,Focused
10:54:29,Focused
10:54:29,Focused
10:54:29,Focused
10:54:29,Focused
10:54:29,Focused
10:54:29,Focused
10:54:29,Focused
10:54:29,Focused
10:54:29,Focused
10:54:29,Focused
10:54:29,Focused
10:54:29,Focused
10:54:29,Focused
10:54:29,Focused
10:54:30,Focused
10:54:30,Focused
10:54:30,Focused
10:54:30,Focused
10:54:30,Focused
10:54:30,Focused
10:54:30,Focused
10:54:30,Focused
10:54:30,Focused
10:54:30,Focused
10:54:30,Focused
10:54:30,Focused
10:54:30,Focused
10:54:30,Focused
10:54:30,Focused
10:54:30,Focused
10:54:30,Focused
10:54:30,Focused
10:54:30,Focused
10:54:30,Focused
10:54:30,Focused
10:54:30,Focused
10:54:30,Focused
10:54:30,Focused
10:54:30,Focused
10:54:30,Focused
10:54:30,Focused
10:54:30,Focused
10:54:30,Focused
10:54:30,Focused
10:54:31,Focused
10:54:31,Focused
10:54:31,Focused
10:54:31,Focused
10:54:31,Focused
10:54:31,Focused
10:54:31,Focused
10:54:31,Focused
10:54:31,Focused
10:54:31,Focused
10:54:31,Focused
10:54:31,Focused
10:54:31,Focused
10:54:31,Focused
10:54:31,Focused
10:54:31,Focused
10:54:31,Focused
10:54:31,Focused
10:54:31,Focused
10:54:31,Focused
10:54:31,Focused
10:54:31,Focused
10:54:31,Focused
10:54:31,Focused
10:54:31,Focused
10:54:31,Focused
10:54:31,Focused
10:54:31,Focused
10:54:31,Focused
10:54:32,Focused
10:54:32,Focused
10:54:32,Focused
10:54:32,Focused
10:54:32,Focused
10:54:32,Focused
10:54:32,Focused
10:54:32,Focused
10:54:32,Focused
10:54:32,Focused
10:54:32,Focused
10:54:32,Focused
10:54:32,Focused
10:54:32,Focused
10:54:32,Focused
10:54:32,Focused
10:54:32,Focused
10:54:32,Focused
10:54:32,Focused
10:54:32,Focused
10:54:32,Focused
10:54:32,Focused
10:54:32,Focused
10:54:32,Focused
10:54:32,Focused
10:54:32,Focused
10:54:32,Focused
10:54:32,Focused
10:54:32,Focused
10:54:32,Focused
10:54:32,Focused
10:54:32,Focused
10:54:33,Focused
10:54:33,Focused
10:54:33,Focused
10:54:33,Focused
10:54:33,Focused
10:54:33,Focused
10:54:33,Focused
10:54:33,Focused
10:54:33,Focused
10:54:33,Focused
10:54:33,Focused
10:54:33,Focused
10:54:33,Focused
10:54:33,Focused
10:54:33,Focused
10:54:33,Focused
10:54:33,Focused
10:54:33,Focused
10:54:33,Focused
10:54:33,Focused
10:54:33,Focused
10:54:33,Focused
10:54:33,Focused
10:54:33,Focused
10:54:33,Focused
10:54:33,Focused
10:54:33,Focused
10:54:33,Focused
10:54:33,Focused
10:54:34,Focused
10:54:34,Focused
10:54:34,Focused
10:54:34,Focused
10:54:34,Focused
10:54:34,Focused
10:54:34,Focused
10:54:34,Focused
10:54:34,Focused
10:54:34,Focused
10:54:34,Focused
10:54:34,Focused
10:54:34,Focused
10:54:34,Focused
10:54:34,Focused
10:54:34,Focused
10:54:34,Focused
10:54:34,Focused
10:54:34,Focused
10:54:34,Focused
10:54:34,Focused
10:54:34,Focused
10:54:34,Focused
10:54:34,Focused
10:54:34,Focused
10:54:34,Focused
10:54:34,Focused
10:54:34,Focused
10:54:34,Focused
10:54:35,Focused
10:54:35,Focused
10:54:35,Focused
10:54:35,Focused
10:54:35,Focused
10:54:35,Focused
10:54:35,Focused
10:54:35,Focused
10:54:35,Focused
10:54:35,Focused
10:54:35,Focused
10:54:35,Focused
10:54:35,Focused
10:54:35,Focused
10:54:35,Focused
10:54:35,Focused
10:54:35,Focused
10:54:35,Focused
10:54:35,Focused
10:54:35,Focused
10:54:35,Focused
10:54:35,Focused
10:54:35,Focused
10:54:35,Focused
10:54:35,Focused
10:54:35,Focused
10:54:35,Focused
10:54:35,Focused
10:54:35,Focused
10:54:35,Focused
10:54:35,Focused
10:54:36,Focused
10:54:36,Focused
10:54:36,Focused
10:54:36,Focused
10:54:36,Focused
10:54:36,Focused
10:54:36,Focused
10:54:36,Focused
10:54:36,Focused
10:54:36,Focused
10:54:36,Focused
10:54:36,Focused
10:54:36,Focused
10:54:36,Focused
10:54:36,Focused
10:54:36,Focused
10:54:36,Focused
10:54:36,Focused
10:54:36,Focused
10:54:36,Focused
10:54:36,Focused
10:54:36,Focused
10:54:36,Focused
10:54:36,Focused
10:54:36,Distracted-Eyes
10:54:36,Distracted-Eyes
10:54:36,Distracted-Eyes
10:54:44,Focused
10:54:44,Focused
10:54:44,Focused
10:54:44,Focused
10:54:45,Focused
10:54:45,Focused
10:54:45,Focused
10:54:45,Focused
10:54:45,Focused
10:54:45,Focused
10:54:45,Focused
10:54:45,Focused
10:54:45,Focused
10:54:45,Focused
10:54:45,Focused
10:54:45,Focused
10:54:45,Focused
10:54:45,Focused
10:54:45,Focused
10:54:45,Focused
10:54:45,Focused
10:54:45,Focused
10:54:45,Focused
10:54:45,Focused
10:54:45,Focused
10:54:45,Focused
10:54:45,Focused
10:54:45,Focused
10:54:45,Focused
10:54:45,Focused
10:54:45,Focused
10:54:45,Focused
10:54:45,Focused
10:54:46,Focused
10:54:46,Focused
10:54:46,Focused
10:54:46,Focused
10:54:46,Focused
10:54:46,Focused
10:54:46,Focused
10:54:46,Focused
10:54:46,Focused
10:54:46,Focused
10:54:46,Focused
10:54:46,Focused
10:54:46,Focused
10:54:46,Focused
10:54:46,Focused
10:54:46,Focused
10:54:46,Focused
10:54:46,Focused
10:54:46,Focused
10:54:46,Focused
10:54:46,Focused
10:54:46,Focused
10:54:46,Focused
10:54:46,Focused
10:54:46,Focused
10:54:46,Focused
10:54:46,Focused
10:54:46,Focused
10:54:46,Focused
10:54:46,Focused
10:54:46,Focused
10:54:47,Focused
10:54:47,Focused
10:54:47,Focused
10:54:47,Focused
10:54:47,Focused
10:54:47,Focused
10:54:47,Focused
10:54:47,Focused
10:54:47,Focused
10:54:47,Focused
10:54:47,Focused
10:54:47,Focused
10:54:47,Focused
10:54:47,Focused
10:54:47,Focused
10:54:47,Focused
10:54:47,Focused
10:54:47,Focused
10:54:47,Focused
10:54:47,Focused
10:54:47,Focused
10:54:47,Focused
10:54:47,Focused
10:54:47,Focused
10:54:47,Focused
10:54:47,Focused
10:54:47,Focused
10:54:47,Focused
10:54:47,Focused
10:54:47,Focused
10:54:48,Focused
10:54:48,Focused
10:54:48,Focused
10:54:48,Focused
10:54:48,Focused
10:54:48,Focused
10:54:48,Focused
10:54:48,Focused
10:54:48,Focused
10:54:48,Focused
10:54:48,Focused
10:54:48,Focused
10:54:48,Focused
10:54:48,Focused
10:54:48,Focused
10:54:48,Focused
10:54:48,Focused
10:54:48,Distracted-Eyes
10:54:48,Distracted-NoFace
10:54:48,Distracted-Eyes
10:54:48,Distracted-NoFace
10:54:48,Distracted-Eyes
10:54:48,Distracted-Eyes
10:54:48,Distracted-NoFace
10:54:48,Distracted-Eyes
10:54:48,Distracted-Eyes
10:54:48,Distracted-Eyes
10:54:48,Distracted-Eyes
10:54:48,Distracted-Eyes
10:54:48,Distracted-Eyes
10:54:49,Distracted-Eyes
10:54:49,Distracted-Eyes
10:54:49,Distracted-Eyes
10:54:49,Distracted-Eyes
10:54:49,Distracted-Eyes
10:54:49,Distracted-Eyes
10:54:49,Distracted-Eyes
10:54:49,Distracted-Eyes
10:54:49,Distracted-Eyes
10:54:49,Distracted-Eyes
10:54:49,Distracted-Eyes
10:54:49,Distracted-Eyes
10:54:49,Distracted-Eyes
10:54:49,Distracted-Eyes
10:54:49,Distracted-Eyes
10:54:49,Distracted-Eyes
10:54:49,Distracted-Eyes
10:54:49,Distracted-Eyes
10:54:49,Distracted-Eyes
10:54:49,Distracted-Eyes
10:54:49,Distracted-Eyes
10:54:49,Distracted-Eyes
10:54:49,Distracted-Eyes
10:54:49,Distracted-Eyes
10:54:49,Distracted-Eyes
10:54:49,Distracted-Eyes
10:54:49,Distracted-Eyes
10:54:49,Distracted-Eyes
10:54:49,Distracted-Eyes
10:54:50,Distracted-Eyes
10:54:50,Distracted-Eyes
10:54:50,Distracted-Eyes
10:54:50,Distracted-Eyes
10:54:50,Distracted-Eyes
10:54:50,Distracted-Eyes
10:54:50,Distracted-Eyes
10:54:50,Distracted-Eyes
10:54:50,Distracted-Eyes
10:54:50,Distracted-Eyes
10:54:50,Distracted-Eyes
10:54:50,Distracted-Eyes
10:54:50,Distracted-Eyes
10:54:50,Distracted-Eyes
10:54:50,Distracted-Eyes
10:54:50,Distracted-Eyes
10:54:50,Distracted-Eyes
10:54:50,Focused
10:54:50,Focused
10:54:50,Focused
10:54:50,Focused
10:54:50,Focused
10:54:50,Focused
10:54:50,Focused
10:54:50,Focused
10:54:50,Focused
10:54:50,Focused
10:54:50,Focused
10:54:50,Focused
10:54:51,Distracted-Eyes
10:54:51,Distracted-Eyes
10:54:51,Distracted-Eyes
10:54:51,Distracted-Eyes
10:54:51,Distracted-Eyes
10:54:51,Focused
10:54:51,Focused
10:54:51,Focused
10:54:51,Focused
10:54:51,Focused
10:54:51,Focused
10:54:51,Focused
10:54:51,Focused
10:54:51,Focused
10:54:51,Focused
10:54:51,Focused
10:54:51,Focused
10:54:51,Focused
10:54:51,Focused
10:54:51,Focused
10:54:51,Focused
10:54:51,Focused
10:54:51,Focused
10:54:51,Focused
10:54:51,Focused
10:54:51,Focused
10:54:51,Distracted-Eyes
10:54:51,Distracted-Eyes
10:54:51,Distracted-Eyes
10:54:51,Distracted-Eyes
10:54:52,Distracted-Eyes
10:54:52,Distracted-Eyes
10:54:52,Distracted-Eyes
10:54:52,Distracted-Eyes
10:54:52,Distracted-Eyes
10:54:52,Distracted-Eyes
10:54:52,Distracted-Eyes
10:54:52,Distracted-Eyes
10:54:52,Distracted-Eyes
10:54:52,Distracted-Eyes
10:54:52,Distracted-Eyes
10:54:52,Distracted-Eyes
10:54:52,Distracted-Eyes
10:54:52,Distracted-Eyes
10:54:52,Distracted-Eyes
10:54:52,Distracted-Eyes
10:54:52,Distracted-Eyes
10:54:52,Distracted-Eyes
10:54:52,Focused
10:54:52,Focused
10:54:52,Focused
10:54:52,Focused
10:54:52,Focused
10:54:52,Focused
10:54:52,Focused
10:54:52,Focused
10:54:52,Focused
10:54:52,Focused
10:54:52,Focused
10:54:52,Focused
10:54:53,Focused
10:54:53,Focused
10:54:53,Focused
10:54:53,Focused
10:54:53,Focused
10:54:53,Focused
10:54:53,Focused
10:54:53,Focused
10:54:53,Focused
10:54:53,Focused
10:54:53,Focused
10:54:53,Focused
10:54:53,Focused
10:54:53,Focused
10:54:53,Focused
10:54:53,Focused
10:54:53,Focused
10:54:53,Focused
10:54:53,Focused
10:54:53,Focused
10:54:53,Focused
10:54:53,Focused
10:54:53,Focused
10:54:53,Focused
10:54:53,Focused
10:54:53,Focused
10:54:53,Focused
10:54:53,Focused
10:54:53,Focused
10:54:53,Focused
10:54:54,Focused
10:54:54,Focused
10:54:54,Focused
10:54:54,Focused
10:54:54,Focused
10:54:54,Focused
10:54:54,Focused
10:54:54,Focused
10:54:54,Focused
10:54:54,Focused
10:54:54,Focused
10:54:54,Focused
10:54:54,Focused
10:54:54,Focused
10:54:54,Focused
10:54:54,Focused
10:54:54,Focused
10:54:54,Focused
10:54:54,Focused
10:54:54,Focused
10:54:54,Focused
10:54:54,Focused
10:54:54,Focused
10:54:54,Focused
10:54:54,Focused
10:54:54,Focused
10:54:54,Focused
10:54:54,Focused
10:54:54,Focused
10:54:55,Focused
10:54:55,Focused
10:54:55,Focused
10:54:55,Focused
10:54:55,Focused
10:54:55,Focused
10:54:55,Focused
10:54:55,Focused
10:54:55,Focused
10:54:55,Focused
10:54:55,Focused
10:54:55,Focused
10:54:55,Focused
10:54:55,Focused
10:54:55,Focused
10:54:55,Focused
10:54:55,Focused
10:54:55,Focused
10:54:55,Focused
10:54:55,Focused
10:54:55,Focused
10:54:55,Focused
10:54:55,Focused
10:54:55,Focused
10:54:55,Focused
10:54:55,Focused
10:54:55,Focused
10:54:55,Focused
10:54:55,Focused
10:54:55,Focused
10:54:55,Focused
10:54:55,Focused
10:54:55,Focused
10:54:56,Focused
10:54:56,Focused
10:54:56,Focused
10:54:56,Focused
10:54:56,Focused
10:54:56,Focused
10:54:56,Focused
10:54:56,Focused
10:54:56,Focused
10:54:56,Focused
10:54:56,Focused
10:54:56,Focused
10:54:56,Focused
10:54:56,Focused
10:54:56,Focused
10:54:56,Focused
10:54:56,Focused
10:54:56,Focused
10:54:56,Focused
10:54:56,Focused
10:54:56,Focused
10:54:56,Focused
10:54:56,Focused
10:54:56,Focused
10:54:56,Focused
10:54:56,Focused
10:54:56,Focused
10:54:56,Focused
10:54:56,Focused
10:54:57,Focused
10:54:57,Focused
10:54:57,Focused
10:54:57,Focused
10:54:57,Focused
10:54:57,Focused
10:54:57,Focused
10:54:57,Focused
10:54:57,Focused
10:54:57,Focused
10:54:57,Focused
10:54:57,Focused
10:54:57,Focused
10:54:57,Focused
10:54:57,Focused
10:54:57,Focused
10:54:57,Focused
10:54:57,Focused
10:54:57,Focused
10:54:57,Focused
10:54:57,Focused
10:54:57,Focused
10:54:57,Focused
10:54:57,Focused
10:54:57,Focused
10:54:57,Focused
10:54:57,Focused
10:54:57,Focused
10:54:57,Focused
10:54:57,Focused
10:54:58,Focused
10:54:58,Focused
10:54:58,Focused
10:54:58,Focused
10:54:58,Focused
10:54:58,Focused
10:54:58,Focused
10:54:58,Focused
10:54:58,Focused
10:54:58,Focused
10:54:58,Focused
10:54:58,Focused
10:54:58,Focused
10:54:58,Focused
10:54:58,Focused
10:54:58,Focused
10:54:58,Focused
10:54:58,Focused
10:54:58,Focused
10:54:58,Focused
10:54:58,Focused
10:54:58,Focused
10:54:58,Focused
10:54:58,Focused
10:54:58,Focused
10:54:58,Focused
10:54:58,Focused
10:54:58,Focused
10:54:58,Focused
10:54:58,Focused
10:54:58,Focused
10:54:59,Focused
10:54:59,Focused
10:54:59,Focused
10:54:59,Focused
10:54:59,Focused
10:54:59,Focused
10:54:59,Focused
10:54:59,Focused
10:54:59,Focused
10:54:59,Focused
10:54:59,Focused
10:54:59,Focused
10:54:59,Focused
10:54:59,Focused
10:54:59,Focused
10:54:59,Focused
10:54:59,Focused
10:54:59,Focused
10:54:59,Focused
10:54:59,Focused
10:54:59,Focused
10:54:59,Focused
10:54:59,Focused
10:54:59,Focused
10:55:00,Focused
10:55:00,Focused
10:55:00,Focused
10:55:00,Focused
10:55:00,Focused
10:55:00,Focused
10:55:00,Focused
10:55:00,Focused
10:55:00,Focused
10:55:00,Focused
10:55:00,Focused
10:55:00,Focused
10:55:00,Focused
10:55:00,Focused
10:55:00,Focused
10:55:00,Focused
10:55:00,Focused
10:55:00,Focused
10:55:00,Focused
10:55:00,Focused
10:55:00,Focused
10:55:00,Focused
10:55:00,Focused
10:55:00,Focused
10:55:00,Focused
10:55:00,Focused
10:55:00,Focused
10:55:00,Focused
10:55:00,Focused
10:55:01,Focused
10:55:01,Focused
10:55:01,Focused
10:57:54,Focused
10:57:54,Focused
10:57:54,Focused
10:57:54,Focused
10:57:54,Focused
10:57:55,Focused
10:57:55,Focused
10:57:55,Focused
10:57:55,Focused
10:57:55,Focused
10:57:55,Focused
10:57:55,Focused
10:57:55,Focused
10:57:55,Focused
10:57:55,Focused
10:57:55,Focused
10:57:55,Focused
10:57:55,Focused
10:57:55,Focused
10:57:55,Focused
10:57:55,Focused
10:57:55,Focused
10:57:55,Focused
10:57:55,Focused
10:57:55,Focused
10:57:55,Focused
10:57:55,Focused
10:57:55,Focused
10:57:55,Focused
10:57:55,Focused
10:57:55,Focused
10:57:55,Focused
10:57:55,Focused
10:57:55,Focused
10:57:55,Focused
10:57:56,Focused
10:57:56,Focused
10:57:56,Focused
10:57:56,Focused
10:57:56,Focused
10:57:56,Focused
10:57:56,Focused
10:57:56,Focused
10:57:56,Focused
10:57:56,Focused
10:57:56,Focused
10:57:56,Focused
10:57:56,Focused
10:57:56,Focused
10:57:56,Focused
10:57:56,Focused
10:57:56,Focused
10:57:56,Focused
10:57:56,Focused
10:57:56,Focused
10:57:56,Focused
10:57:56,Focused
10:57:56,Focused
10:57:56,Focused
10:57:56,Focused
10:57:56,Focused
10:57:56,Focused
10:57:56,Focused
10:57:56,Focused
10:57:56,Focused
10:57:57,Focused
10:57:57,Focused
10:57:57,Focused
10:57:57,Focused
10:57:57,Focused
10:57:57,Focused
10:57:57,Focused
10:57:57,Focused
10:57:57,Focused
10:57:57,Focused
10:57:57,Focused
10:57:57,Focused
10:57:57,Focused
10:57:57,Focused
10:57:57,Focused
10:57:57,Focused
10:57:57,Focused
10:57:57,Focused
10:57:57,Focused
10:57:57,Focused
10:57:57,Focused
10:57:57,Focused
10:57:57,Focused
10:57:57,Focused
10:57:57,Focused
10:57:57,Focused
10:57:57,Focused
10:57:57,Focused
10:57:57,Focused
10:57:58,Focused
10:57:58,Focused
10:57:58,Focused
10:57:58,Focused
10:57:58,Focused
10:57:58,Focused
10:57:58,Focused
10:57:58,Focused
10:57:58,Focused
10:57:58,Focused
10:57:58,Focused
10:57:58,Focused
10:57:58,Focused
10:57:58,Focused
10:57:58,Focused
10:57:58,Focused
10:57:58,Focused
10:57:58,Focused
10:57:58,Focused
10:57:58,Focused
10:57:58,Focused
10:57:58,Focused
10:57:58,Focused
10:57:58,Focused
10:57:58,Focused
10:57:58,Focused
10:57:58,Focused
10:57:58,Focused
10:57:58,Focused
10:57:59,Focused
10:57:59,Focused
10:57:59,Focused
10:57:59,Focused
10:57:59,Focused
10:57:59,Focused
10:57:59,Focused
10:57:59,Focused
10:57:59,Focused
10:57:59,Focused
10:57:59,Focused
10:57:59,Focused
10:57:59,Focused
10:57:59,Focused
10:57:59,Focused
10:57:59,Focused
10:57:59,Focused
10:57:59,Focused
10:57:59,Focused
10:57:59,Focused
10:57:59,Focused
10:57:59,Focused
10:57:59,Focused
10:57:59,Focused
10:57:59,Focused
10:57:59,Focused
10:57:59,Focused
10:57:59,Focused
10:57:59,Focused
10:57:59,Focused
10:58:00,Focused
10:58:00,Focused
10:58:00,Focused
10:58:00,Focused
10:58:00,Focused
10:58:00,Focused
10:58:00,Focused
10:58:00,Focused
10:58:00,Focused
10:58:00,Focused
10:58:00,Focused
10:58:00,Focused
10:58:00,Focused
10:58:00,Focused
10:58:00,Focused
10:58:00,Focused
10:58:00,Focused
10:58:00,Focused
10:58:00,Focused
10:58:00,Focused
10:58:00,Distracted-NoFace
10:58:00,Focused
10:58:00,Distracted-NoFace
10:58:00,Distracted-NoFace
10:58:00,Focused
10:58:00,Focused
10:58:00,Focused
10:58:00,Focused
10:58:00,Focused
10:58:00,Focused
10:58:01,Focused
10:58:01,Focused
10:58:01,Focused
10:58:01,Focused
10:58:01,Focused
10:58:01,Focused
10:58:01,Focused
10:58:01,Focused
10:58:01,Focused
10:58:01,Focused
10:58:01,Focused
10:58:01,Focused
10:58:01,Focused
10:58:01,Focused
10:58:01,Focused
10:58:01,Focused
10:58:01,Focused
10:58:01,Focused
10:58:01,Focused
10:58:01,Focused
10:58:01,Focused
10:58:01,Focused
10:58:01,Focused
10:58:01,Focused
10:58:01,Focused
10:58:01,Focused
10:58:01,Focused
10:58:01,Focused
10:58:01,Focused
10:58:01,Focused
10:58:02,Focused
10:58:02,Focused
10:58:02,Focused
10:58:02,Focused
10:58:02,Focused
10:58:02,Focused
10:58:02,Focused
10:58:02,Focused
10:58:02,Focused
10:58:02,Focused
10:58:02,Focused
10:58:02,Focused
10:58:02,Focused
10:58:02,Focused
10:58:02,Focused
10:58:02,Focused
10:58:02,Focused
10:58:02,Focused
10:58:02,Focused
10:58:02,Focused
10:58:02,Focused
10:58:02,Focused
10:58:02,Focused
10:58:02,Focused
10:58:02,Focused
10:58:02,Focused
10:58:02,Focused
10:58:02,Focused
10:58:02,Focused
10:58:02,Focused
10:58:03,Focused
10:58:03,Focused
10:58:03,Focused
10:58:03,Focused
10:58:03,Focused
10:58:03,Focused
10:58:03,Focused
10:58:03,Focused
10:58:03,Focused
10:58:03,Focused
10:58:03,Focused
10:58:03,Focused
10:58:03,Focused
10:58:03,Focused
10:58:03,Focused
10:58:03,Focused
10:58:03,Focused
10:58:03,Focused
10:58:03,Focused
10:58:03,Focused
10:58:03,Focused
10:58:03,Focused
10:58:03,Focused
10:58:03,Focused
10:58:03,Focused
10:58:03,Focused
10:58:03,Focused
10:58:03,Focused
10:58:03,Focused
10:58:03,Focused
10:58:04,Focused
10:58:04,Focused
10:58:04,Focused
10:58:04,Focused
10:58:04,Focused
10:58:04,Focused
10:58:04,Focused
10:58:04,Focused
10:58:04,Focused
10:58:04,Focused
10:58:04,Focused
10:58:04,Focused
10:58:04,Focused
10:58:04,Focused
10:58:04,Focused
10:58:04,Focused
10:58:04,Focused
10:58:04,Focused
10:58:04,Focused
10:58:04,Focused
10:58:04,Focused
10:58:04,Focused
10:58:04,Focused
10:58:04,Focused
10:58:04,Focused
10:58:04,Focused
10:58:04,Focused
10:58:04,Focused
10:58:04,Focused
10:58:04,Focused
10:58:04,Focused
10:58:05,Focused
10:58:05,Focused
10:58:05,Focused
10:58:05,Focused
10:58:05,Focused
10:58:05,Focused
10:58:05,Focused
10:58:05,Focused
10:58:05,Focused
10:58:05,Focused
10:58:05,Focused
10:58:05,Focused
10:58:05,Focused
10:58:05,Focused
10:58:05,Focused
10:58:05,Focused
10:58:05,Focused
10:58:05,Focused
10:58:05,Focused
10:58:05,Focused
10:58:05,Focused
10:58:05,Focused
10:58:05,Focused
10:58:05,Focused
10:58:05,Focused
10:58:05,Focused
10:58:05,Focused
10:58:05,Focused
10:58:05,Focused
10:58:06,Focused
10:58:06,Focused
10:58:06,Focused
10:58:06,Focused
10:58:06,Focused
10:58:06,Focused
10:58:06,Focused
10:58:06,Focused
10:58:06,Focused
10:58:06,Focused
10:58:06,Focused
10:58:06,Focused
10:58:06,Focused
10:58:06,Focused
10:58:06,Focused
10:58:06,Focused
10:58:06,Focused
10:58:06,Focused
10:58:06,Focused
10:58:06,Focused
10:58:06,Focused
10:58:06,Focused
10:58:06,Focused
10:58:06,Focused
10:58:06,Focused
10:58:06,Focused
10:58:06,Focused
10:58:06,Focused
10:58:06,Focused
10:58:06,Focused
10:58:07,Focused
10:58:07,Focused
10:58:07,Focused
10:58:07,Focused
10:58:07,Focused
10:58:07,Focused
10:58:07,Focused
10:58:07,Focused
10:58:07,Focused
10:58:07,Focused
10:58:07,Focused
10:58:07,Focused
10:58:07,Focused
10:58:07,Focused
10:58:07,Focused
10:58:07,Focused
10:58:07,Focused
10:58:07,Focused
10:58:07,Focused
10:58:07,Focused
10:58:07,Focused
10:58:07,Focused
10:58:07,Focused
10:58:07,Focused
10:58:07,Focused
10:58:07,Focused
10:58:07,Focused
10:58:07,Focused
10:58:07,Focused
10:58:07,Focused
10:58:08,Focused
10:58:08,Focused
10:58:08,Focused
10:58:08,Focused
10:58:08,Focused
10:58:08,Focused
10:58:08,Focused
10:58:08,Focused
11:04:11,Distracted
11:04:11,Distracted
11:04:11,Distracted
11:04:11,Distracted
11:04:11,Distracted
11:04:11,Distracted
11:04:11,Distracted
11:04:11,Distracted
11:04:11,Distracted
11:04:11,Distracted
11:04:11,Distracted
11:04:11,Distracted
11:04:11,Distracted
11:04:11,Distracted
11:04:11,Distracted
11:04:11,Distracted
11:04:11,Distracted
11:04:11,Distracted
11:04:11,Distracted
11:04:11,Distracted
11:04:11,Distracted
11:04:11,Distracted
11:04:11,Distracted
11:04:11,Distracted
11:04:11,Distracted
11:04:11,Distracted
11:04:11,Distracted
11:04:11,Distracted
11:04:12,Distracted
11:04:12,Distracted
11:04:12,Distracted
11:04:12,Distracted
11:04:12,Distracted
11:04:12,Distracted
11:04:12,Distracted
11:04:12,Distracted
11:04:12,Distracted
11:04:12,Distracted
11:04:12,Distracted
11:04:12,Distracted
11:04:12,Distracted
11:04:12,Distracted
11:04:12,Distracted
11:04:12,Distracted
11:04:12,Distracted
11:04:12,Distracted
11:04:12,Distracted
11:04:12,Distracted
11:04:12,Distracted
11:04:12,Distracted
11:04:12,Distracted
11:04:12,Distracted
11:04:12,Distracted
11:04:12,Distracted
11:04:12,Distracted
11:04:12,Distracted
11:04:12,Distracted
11:04:12,Focused
11:04:15,Focused
11:04:15,Focused
11:04:15,Focused
11:04:16,Focused
11:04:16,Focused
11:04:16,Focused
11:04:16,Focused
11:04:16,Focused
11:04:16,Focused
11:04:16,Focused
11:04:16,Focused
11:04:16,Focused
11:04:16,Focused
11:04:16,Focused
11:04:16,Focused
11:04:16,Focused
11:04:16,Focused
11:04:16,Focused
11:04:16,Focused
11:04:16,Focused
11:04:16,Focused
11:04:16,Focused
11:04:16,Focused
11:04:16,Focused
11:04:16,Focused
11:04:16,Focused
11:04:16,Focused
11:04:16,Focused
11:04:16,Focused
11:04:16,Focused
11:04:16,Focused
11:04:16,Focused
11:04:16,Focused
11:04:17,Focused
11:04:17,Focused
11:04:17,Focused
11:04:17,Focused
11:04:17,Focused
11:04:17,Focused
11:04:17,Focused
11:04:17,Focused
11:04:17,Focused
11:04:17,Focused
11:04:17,Focused
11:04:17,Focused
11:04:17,Focused
11:04:17,Focused
11:04:17,Focused
11:04:17,Focused
11:04:17,Focused
11:04:17,Focused
11:04:17,Focused
11:04:17,Focused
11:04:17,Focused
11:04:17,Focused
11:04:17,Focused
11:04:17,Focused
11:04:17,Focused
11:04:17,Focused
11:04:17,Focused
11:04:17,Focused
11:04:17,Focused
11:04:17,Focused
11:04:18,Focused
11:04:18,Focused
11:04:18,Focused
11:04:18,Focused
11:04:18,Focused
11:04:18,Focused
11:13:37,Distracted
11:13:37,Distracted
11:13:37,Distracted
11:13:37,Distracted
11:13:37,Distracted
11:13:37,Distracted
11:13:37,Distracted
11:13:37,Distracted
11:13:37,Distracted
11:13:37,Distracted
11:13:37,Distracted
11:13:37,Distracted
11:13:37,Distracted
11:13:38,Distracted
11:13:38,Distracted
11:13:38,Distracted
11:13:38,Distracted
11:13:38,Distracted
11:13:38,Distracted
11:13:38,Distracted
11:13:38,Distracted
11:13:38,Distracted
11:13:38,Distracted
11:13:38,Distracted
11:13:38,Distracted
11:13:38,Distracted
11:13:38,Distracted
11:13:38,Distracted
11:13:38,Distracted
11:13:38,Distracted
11:13:38,Distracted
11:13:38,Distracted
11:13:38,Distracted
11:13:38,Distracted
11:13:38,Distracted
11:13:38,Distracted
11:13:38,Distracted
11:13:38,Distracted
11:13:38,Distracted
11:13:38,Distracted
11:13:38,Distracted
11:13:38,Distracted
11:13:38,Distracted
11:13:39,Distracted
11:13:39,Distracted
11:13:39,Distracted
11:13:39,Distracted
11:13:39,Distracted
11:13:39,Distracted
11:13:39,Distracted
11:13:39,Distracted
11:13:39,Distracted
11:13:39,Distracted
11:13:39,Distracted
11:13:39,Distracted
11:13:39,Distracted
11:13:39,Distracted
11:13:39,Distracted
11:13:39,Distracted
11:13:39,Distracted
11:13:39,Distracted
11:13:39,Distracted
11:13:39,Distracted
11:13:39,Distracted
11:13:39,Distracted
11:13:39,Distracted
11:13:39,Distracted
11:13:39,Distracted
11:13:39,Distracted
11:13:39,Distracted
11:13:39,Distracted
11:13:39,Distracted
11:13:39,Distracted
11:13:40,Distracted
11:13:40,Distracted
11:13:40,Distracted
11:13:40,Distracted
11:13:40,Distracted
11:13:40,Distracted
11:13:40,Distracted
11:13:40,Distracted
11:13:40,Distracted
11:13:40,Distracted
11:13:40,Distracted
11:13:40,Distracted
11:13:40,Distracted
11:13:40,Distracted
11:13:40,Distracted
11:13:40,Distracted
11:13:40,Distracted
11:13:40,Distracted
11:13:40,Distracted
11:13:43,Distracted
11:13:43,Distracted
11:13:43,Distracted
11:13:43,Distracted
11:13:43,Distracted
11:13:43,Distracted
11:13:43,Distracted
11:13:43,Distracted
11:13:43,Distracted
11:13:43,Distracted
11:13:43,Distracted
11:13:43,Distracted
11:13:43,Distracted
11:13:43,Distracted
11:13:43,Distracted
11:13:43,Distracted
11:13:43,Distracted
11:13:43,Distracted
11:13:43,Distracted
11:13:43,Distracted
11:13:43,Distracted
11:13:43,Distracted
11:13:43,Distracted
11:13:43,Distracted
11:13:43,Distracted
11:13:44,Distracted
11:13:44,Distracted
11:13:44,Distracted
11:13:44,Distracted
11:13:44,Distracted
11:13:44,Distracted
11:13:44,Distracted
11:13:44,Distracted
11:13:44,Distracted
11:13:44,Distracted
11:13:44,Distracted
11:13:44,Distracted
11:13:44,Distracted
11:13:44,Distracted
11:13:44,Distracted
11:13:44,Distracted
11:13:44,Distracted
11:13:44,Distracted
11:13:44,Distracted
11:13:44,Distracted
11:13:44,Distracted
11:13:44,Distracted
11:13:44,Distracted
11:13:44,Distracted
11:13:44,Distracted
11:13:44,Distracted
11:13:44,Distracted
11:13:44,Distracted
11:13:44,Distracted
11:13:44,Distracted
11:13:45,Distracted
11:13:45,Distracted
11:13:45,Distracted
11:13:45,Distracted
11:13:45,Distracted
11:13:45,Distracted
11:13:45,Distracted
11:13:45,Distracted
11:13:45,Distracted
11:13:45,Distracted
11:13:45,Distracted
11:13:45,Distracted
11:13:45,Distracted
11:13:45,Distracted
11:13:45,Distracted
11:13:45,Distracted
11:13:45,Distracted
11:13:45,Distracted
11:13:45,Distracted
11:13:45,Distracted
11:13:45,Distracted
11:13:45,Distracted
11:13:45,Distracted
11:13:45,Distracted
11:13:45,Distracted
11:13:45,Distracted
11:13:45,Distracted
11:13:45,Distracted
11:13:45,Distracted
11:13:45,Distracted
11:13:46,Distracted
11:13:46,Distracted
11:13:46,Distracted
11:13:46,Distracted
11:13:46,Focused
11:13:48,Focused
11:13:48,Focused
11:13:48,Focused
11:13:48,Focused
11:13:48,Focused
11:13:48,Focused
11:13:48,Focused
11:13:49,Focused
11:13:49,Focused
11:13:49,Focused
11:13:49,Focused
11:13:49,Focused
11:13:49,Focused
11:13:49,Focused
11:13:49,Focused
11:13:49,Focused
11:13:49,Focused
11:13:49,Focused
11:13:49,Focused
11:13:49,Focused
11:13:49,Focused
11:13:49,Focused
11:13:49,Focused
11:13:49,Focused
11:13:49,Focused
11:13:49,Focused
11:13:49,Focused
11:13:49,Focused
11:13:49,Focused
11:13:49,Focused
11:13:49,Focused
11:13:49,Focused
11:13:49,Focused
11:13:49,Focused
11:13:49,Focused
11:13:49,Focused
11:13:49,Focused
11:13:49,Focused
11:13:50,Focused
11:13:50,Focused
11:13:50,Focused
11:13:50,Focused
11:13:50,Focused
11:13:50,Focused
11:13:50,Focused
11:13:50,Focused
11:13:50,Focused
11:13:50,Focused
11:13:50,Focused
11:13:50,Focused
11:13:50,Focused
11:13:50,Focused
11:13:50,Focused
11:13:50,Focused
11:13:50,Focused
11:13:50,Distracted
11:13:50,Distracted
11:13:50,Distracted
11:13:50,Distracted
11:13:50,Distracted
11:13:50,Distracted
11:13:50,Distracted
11:13:50,Distracted
11:13:50,Distracted
11:13:50,Distracted
11:13:50,Distracted
11:13:50,Distracted
11:13:51,Distracted
11:13:51,Distracted
11:13:51,Distracted
11:13:51,Distracted
11:13:51,Distracted
11:13:51,Distracted
11:13:51,Distracted
11:13:51,Distracted
11:13:51,Distracted
11:13:51,Distracted
11:13:51,Distracted
11:13:51,Distracted
11:13:51,Distracted
11:13:51,Distracted
11:13:51,Distracted
11:13:51,Distracted
11:13:51,Distracted
11:13:51,Distracted
11:13:51,Distracted
11:13:51,Distracted
11:13:51,Distracted
11:13:51,Distracted
11:13:51,Distracted
11:13:51,Distracted
11:13:51,Distracted
11:13:51,Distracted
11:13:51,Distracted
11:13:51,Distracted
11:13:51,Distracted
11:13:51,Distracted
11:13:51,Distracted
11:13:52,Distracted
11:13:52,Distracted
11:13:52,Distracted
11:13:52,Distracted
11:13:52,Distracted
11:13:52,Distracted
11:13:52,Distracted
11:13:52,Distracted
11:13:52,Distracted
11:13:52,Distracted
11:13:52,Distracted
11:13:52,Distracted
11:13:52,Distracted
11:13:52,Distracted
11:13:52,Distracted
11:13:52,Distracted
11:13:52,Distracted
11:13:52,Distracted
11:13:52,Distracted
11:13:52,Distracted
11:13:52,Distracted
11:13:52,Distracted
11:13:52,Distracted
11:13:52,Distracted
11:13:52,Distracted
11:13:52,Distracted
11:13:52,Distracted
11:13:52,Distracted
11:13:52,Distracted
11:13:52,Distracted
11:13:53,Distracted
11:13:53,Distracted
11:13:53,Distracted
11:13:53,Distracted
11:13:53,Distracted
11:13:53,Distracted
11:13:53,Distracted
11:13:53,Distracted
11:13:53,Distracted
11:13:53,Distracted
11:13:53,Distracted
11:13:53,Distracted
11:13:53,Distracted
11:13:53,Distracted
11:13:53,Distracted
11:13:53,Distracted
11:13:53,Distracted
11:13:53,Distracted
11:13:53,Distracted
11:13:56,Distracted
11:13:56,Distracted
11:13:56,Distracted
11:13:56,Distracted
11:13:56,Distracted
11:13:56,Distracted
11:13:56,Distracted
11:13:56,Distracted
11:13:56,Focused
11:13:58,Focused
11:13:58,Focused
11:13:58,Focused
11:13:58,Focused
11:13:58,Focused
11:13:58,Focused
11:13:58,Focused
11:13:58,Focused
11:13:58,Focused
11:13:58,Focused
11:13:58,Focused
11:13:58,Focused
11:13:58,Focused
11:13:58,Focused
11:13:58,Focused
11:13:58,Focused
11:13:58,Focused
11:13:58,Focused
11:13:58,Focused
11:13:59,Focused
11:13:59,Focused
11:13:59,Focused
11:13:59,Focused
11:13:59,Focused
11:13:59,Focused
11:13:59,Focused
11:13:59,Focused
11:13:59,Focused
11:13:59,Focused
11:13:59,Focused
11:13:59,Focused
11:13:59,Focused
11:13:59,Focused
11:13:59,Focused
11:13:59,Focused
11:13:59,Focused
11:13:59,Focused
11:13:59,Focused
11:13:59,Focused
11:13:59,Focused
11:13:59,Focused
11:13:59,Focused
11:13:59,Focused
11:13:59,Focused
11:13:59,Focused
11:13:59,Focused
11:13:59,Focused
11:13:59,Focused
11:13:59,Focused
11:14:00,Focused
11:14:00,Focused
11:14:00,Focused
11:14:00,Focused
11:14:00,Focused
11:14:00,Focused
11:14:00,Focused
11:14:00,Focused
11:14:00,Focused
11:14:00,Focused
11:14:00,Distracted
11:14:00,Distracted
11:14:00,Distracted
11:14:00,Distracted
11:14:00,Distracted
11:14:00,Distracted
11:14:00,Distracted
11:14:00,Distracted
11:14:00,Distracted
11:14:00,Distracted
11:14:00,Distracted
11:14:00,Distracted
11:14:00,Distracted
11:14:00,Distracted
11:14:00,Distracted
11:14:00,Distracted
11:14:00,Distracted
11:14:00,Distracted
11:14:00,Distracted
11:14:00,Distracted
11:14:01,Distracted
11:14:01,Distracted
11:14:01,Distracted
11:14:01,Distracted
11:14:01,Distracted
11:14:01,Distracted
11:14:01,Distracted
11:14:01,Distracted
11:14:01,Distracted
11:14:01,Distracted
11:14:01,Distracted
11:14:01,Distracted
11:14:01,Distracted
11:14:01,Distracted
11:14:01,Distracted
11:14:01,Distracted
11:14:01,Distracted
11:14:01,Distracted
11:14:01,Distracted
11:14:01,Distracted
11:14:01,Distracted
11:14:01,Distracted
11:14:01,Distracted
11:14:01,Distracted
11:14:01,Distracted
11:14:01,Distracted
11:14:01,Distracted
11:14:01,Distracted
11:14:01,Distracted
11:14:01,Distracted
11:14:02,Distracted
11:14:02,Distracted
11:14:02,Distracted
11:14:02,Distracted
11:14:02,Distracted
11:14:02,Distracted
11:14:02,Distracted
11:14:02,Distracted
11:14:02,Distracted
11:14:02,Distracted
11:14:02,Distracted
11:14:02,Distracted
11:14:02,Distracted
11:14:02,Distracted
11:14:02,Distracted
11:14:02,Distracted
11:14:02,Distracted
11:14:02,Distracted
11:14:02,Distracted
11:14:02,Distracted
11:14:02,Distracted
11:14:02,Distracted
11:14:02,Distracted
11:14:02,Distracted
11:14:02,Distracted
11:14:02,Distracted
11:14:02,Distracted
11:14:02,Distracted
11:14:02,Distracted
11:14:02,Distracted
11:14:03,Distracted
11:14:03,Distracted
11:14:03,Distracted
11:14:03,Distracted
11:14:03,Distracted
11:14:03,Distracted
11:14:03,Distracted
11:14:03,Distracted
11:14:03,Distracted
11:14:03,Distracted
11:14:03,Distracted
11:14:03,Distracted
11:14:05,Distracted
11:14:05,Distracted
11:14:05,Distracted
11:14:05,Distracted
11:14:05,Distracted
11:14:05,Distracted
11:14:06,Distracted
11:14:06,Distracted
11:14:06,Distracted
11:14:06,Distracted
11:14:06,Distracted
11:14:06,Distracted
11:14:06,Distracted
11:14:06,Distracted
11:14:06,Distracted
11:14:06,Distracted
11:14:06,Distracted
11:14:06,Distracted
11:14:06,Distracted
11:14:06,Distracted
11:14:06,Distracted
11:14:06,Distracted
11:14:06,Distracted
11:14:06,Distracted
11:14:06,Focused
11:14:08,Distracted
11:14:08,Distracted
11:14:08,Distracted
11:14:08,Distracted
11:14:08,Distracted
11:14:08,Distracted
11:14:08,Distracted
11:14:08,Distracted
11:14:08,Distracted
11:14:09,Distracted
11:14:09,Distracted
11:14:09,Distracted
11:14:09,Distracted
11:14:09,Distracted
11:14:09,Distracted
11:14:09,Distracted
11:14:09,Distracted
11:14:09,Distracted
11:14:09,Distracted
11:14:09,Distracted
11:14:09,Distracted
11:14:09,Distracted
11:14:09,Distracted
11:14:09,Distracted
11:14:09,Distracted
11:14:09,Distracted
11:14:09,Distracted
11:14:09,Distracted
11:14:09,Distracted
11:14:09,Distracted
11:14:09,Distracted
11:14:09,Distracted
11:14:09,Distracted
11:14:09,Distracted
11:14:09,Distracted
11:14:09,Distracted
11:14:09,Focused
11:14:09,Focused
11:14:10,Focused
11:14:10,Focused
11:14:10,Focused
11:14:10,Focused
11:14:10,Focused
11:14:10,Focused
11:14:10,Focused
11:14:10,Focused
11:14:10,Focused
11:14:10,Focused
11:14:10,Focused
11:14:10,Focused
11:14:10,Focused
11:14:10,Focused
11:14:10,Focused
11:14:10,Focused
11:14:10,Focused
11:14:10,Focused
11:14:10,Focused
11:14:10,Focused
11:14:10,Focused
11:14:10,Focused
11:14:10,Focused
11:14:10,Focused
11:14:10,Focused
11:14:10,Focused
11:14:10,Focused
11:14:10,Focused
11:14:10,Focused
11:14:10,Focused
11:14:10,Focused
11:14:11,Focused
11:14:11,Focused
11:14:11,Focused
11:14:11,Focused
11:14:11,Focused
